wheels,Æò±Õ,ÇÕ°è
4wd,0.5,4
fwd,0.8952380952380953,94
rwd,0.41304347826086957,19
